{"ECS":{"DisableConfigLog":true,"CacheExpiryInMin":720},"ODSP_Sync_Client":{"Ramps":{"37":false,"14":true,"12":true,"0":true},"RampExperiments":{"37":{"type":2,"id":1012102,"name":"KFMSizeIneligibleUpgradeUpsellExperiment"},"12":{"type":2,"id":45328,"name":"ShowKFMinFRE_v2"}},"Settings":{"0":"Prod"}},"Headers":{"ETag":"\"XHK6oPYZZflsqWb7kdb5X/QfhvIdLna80Tg3KIctvBs=\"","Expires":"Thu, 12 May 2022 22:42:31 GMT","CountryCode":"GR","StatusCode":"200"},"ConfigIDs":{"ECS":"P-R-54894-1-3,P-R-53736-1-8","ODSP_Sync_Client":"P-E-1012102-C1-14,P-R-80526-3-4,P-R-69229-1-2,P-D-27657-4-3"},"EventToConfigIdsMapping":{"ODSP_Sync_Client":{"experiments":"P-E-1012102-C1-14"}}}