<root><item name="eventLogQueue_Online" value="[{&quot;log&quot;:{&quot;type&quot;:0,&quot;impressionGuid&quot;:&quot;68EF834AF5404DB79953D4428E1F03A5&quot;,&quot;previousImpressionGuid&quot;:null,&quot;timestamp&quot;:1652426456708,&quot;data&quot;:{&quot;eventType&quot;:&quot;ClientInst&quot;,&quot;eventData&quot;:{&quot;CurUrl&quot;:&quot;https://www.bing.com/AS/API/WindowsCortanaPane/V2/Init&quot;,&quot;Pivot&quot;:&quot;QF&quot;,&quot;T&quot;:&quot;CI.BoxModel&quot;,&quot;FID&quot;:&quot;CI&quot;,&quot;Name&quot;:&quot;v2.8&quot;,&quot;SV&quot;:&quot;4&quot;,&quot;P&quot;:{&quot;C&quot;:2032,&quot;N&quot;:2,&quot;I&quot;:&quot;6mg&quot;,&quot;S&quot;:&quot;V&quot;,&quot;M&quot;:&quot;V+L+M+MT+E+N+C+K+BD&quot;,&quot;T&quot;:10533,&quot;F&quot;:0},&quot;V&quot;:&quot;47s/////////hidden/visibilitychange&quot;,&quot;TS&quot;:1652426456708,&quot;RTS&quot;:10044,&quot;SEQ&quot;:4},&quot;dataSources&quot;:null,&quot;pageLayout&quot;:null},&quot;dominantImpressionGuid&quot;:null},&quot;lastSendErrorTimeStamp&quot;:0,&quot;inProgress&quot;:false,&quot;size&quot;:663,&quot;flights&quot;:&quot;d-thshld39,d-thshld42,d-thshld77,d-thshld78,d-thshldspcl40&quot;}]" ltime="4250308048" htime="30959257" /><item name="eventLogQueue_Online_logUploadIntervalStartDate" value="1652352071539" ltime="3423486100" htime="30959084" /><item name="eventLogQueue_Online_uploadedLogSizeInInterval" value="0" ltime="416689799" htime="30948854" /><item name="MsbQfReady" value="0" ltime="445901292" htime="30948854" /><item name="newUsersLogged" value="1" ltime="1282797779" htime="30948854" /><item name="cohortProfile" value="[{&quot;date&quot;:null,&quot;count&quot;:0},{&quot;date&quot;:null,&quot;count&quot;:0},{&quot;date&quot;:null,&quot;count&quot;:0},{&quot;date&quot;:null,&quot;count&quot;:0},{&quot;date&quot;:null,&quot;count&quot;:0},{&quot;date&quot;:null,&quot;count&quot;:0},{&quot;date&quot;:null,&quot;count&quot;:0},{&quot;date&quot;:null,&quot;count&quot;:0},{&quot;date&quot;:null,&quot;count&quot;:0},{&quot;date&quot;:null,&quot;count&quot;:0},{&quot;date&quot;:null,&quot;count&quot;:0},{&quot;date&quot;:null,&quot;count&quot;:0},{&quot;date&quot;:null,&quot;count&quot;:0},{&quot;date&quot;:null,&quot;count&quot;:0},{&quot;date&quot;:null,&quot;count&quot;:0},{&quot;date&quot;:null,&quot;count&quot;:0},{&quot;date&quot;:null,&quot;count&quot;:0},{&quot;date&quot;:null,&quot;count&quot;:0},{&quot;date&quot;:null,&quot;count&quot;:0},{&quot;date&quot;:null,&quot;count&quot;:0},{&quot;date&quot;:null,&quot;count&quot;:0},{&quot;date&quot;:null,&quot;count&quot;:0},{&quot;date&quot;:null,&quot;count&quot;:0},{&quot;date&quot;:null,&quot;count&quot;:0},{&quot;date&quot;:null,&quot;count&quot;:0},{&quot;date&quot;:null,&quot;count&quot;:0},{&quot;date&quot;:null,&quot;count&quot;:0},{&quot;date&quot;:null,&quot;count&quot;:0},{&quot;date&quot;:null,&quot;count&quot;:0},{&quot;date&quot;:&quot;2022-05-12T07:00:00.000Z&quot;,&quot;count&quot;:1}]" ltime="3403610768" htime="30959246" /><item name="WSBFirstOpenedDate" value="&quot;2022-03-22T07:00:00.000Z&quot;" ltime="1316158701" htime="30948854" /><item name="LastCIDownloadAttempt" value="Tue Mar 22 2022 07:08:29 GMT-0700 (Pacific Daylight Time)" ltime="1316618331" htime="30948854" /><item name="cis_v71" value="1" ltime="1355087877" htime="30948854" /><item name="ci_v71" value="1" ltime="1355089110" htime="30948854" /></root>